character_name,show_name,image_link
Chhota Bheem,Chhota Bheem,https://w0.peakpx.com/wallpaper/338/405/HD-wallpaper-chhota-bheem-chutki-chota-cartoon-toon-jaggu-dholakpur-kalia.jpg
Raju,Chhota Bheem,https://images-na.ssl-images-amazon.com/images/S/pv-target-images/84e8ff53c2a3f32484447bbe789b35394c9bbdf025a64e6cce1ab727baca39eb._RI_TTW_.jpg
Chutki,Chhota Bheem,https://2.bp.blogspot.com/-Zc4dp3gTQVA/U5wadm2pc0I/AAAAAAAAD9U/XppEtzJ5vcY/s1600/chota-bheem-chutki-images-HD-wallpapers-widescreen-2014-Latest.jpg
Jaggu,Chhota Bheem,https://quizizz.com/media/resource/gs/quizizz-media/quizzes/b9ce1f85-83ee-4853-bc11-e55d9b84a327?w=90&h=90
Kalia,Chhota Bheem,https://static.wikia.nocookie.net/chhotabheem/images/d/d8/Kalia.png/revision/latest?cb=20210307113909
Dholu,Chhota Bheem,https://static.wikia.nocookie.net/chhotabheem/images/8/80/Dholu_Bholu.png/revision/latest?cb=20220323130513
Bholu,Chhota Bheem,https://static.wikia.nocookie.net/chhotabheem/images/8/80/Dholu_Bholu.png/revision/latest?cb=20220323130513
Indumati,Chhota Bheem,https://static.wikia.nocookie.net/chhotabheem/images/f/f7/Rajkumari_Indumati.jpeg/revision/latest?cb=20220314173624
Tun Tun Mausi,Chhota Bheem,https://static.wikia.nocookie.net/chhotabheem/images/e/e5/Maxresdefault.jpg/revision/latest?cb=20210623110239
Damyaan,Chhota Bheem,https://www.chhotabheem.com/image/catalog/wallpaper/Damyaan_rises_to_power.jpg
Raja Indravarma,Chhota Bheem,https://encrypted-tbn0.gstatic.com/images?q=tbn:ANd9GcSBTBZjyUkei3yKyAxaTG8UhySWWbj0FmKgIOAdhlRRO3MzdmrLuoY3H1_tRf_mowKGkHQ&usqp=CAU
Queen Mayavati,Chhota Bheem,https://encrypted-tbn0.gstatic.com/images?q=tbn:ANd9GcSBTBZjyUkei3yKyAxaTG8UhySWWbj0FmKgIOAdhlRRO3MzdmrLuoY3H1_tRf_mowKGkHQ&usqp=CAU
Patlu,Motu Patlu,https://m.media-amazon.com/images/M/MV5BMWExMjhhNTctNTc2My00YWIyLTlmZDQtNDkzYzNhOWNhZGFkXkEyXkFqcGdeQXVyODAzNzAwOTU@._V1_.jpg
Dr. Jhatka,Motu Patlu,https://static.wikia.nocookie.net/motu-patlu/images/6/6b/Dr_jhataka_ctohs.png/revision/latest/thumbnail/width/360/height/360?cb=20150802054858
Ghasitaram,Motu Patlu,https://static.wikia.nocookie.net/motu-patlu/images/0/0c/Ghasitaram.png/revision/latest/thumbnail/width/360/height/360?cb=20160822153129
John the Don,Motu Patlu,https://static.wikia.nocookie.net/motu-patlu/images/d/da/Balochistan%27s_Picture_of_John_but_the_picture_is_now_transparent.png/revision/latest?cb=20200629020651
Chingam,Motu Patlu,https://static.wikia.nocookie.net/motu-patlu/images/7/7a/Chingum_New.png/revision/latest?cb=20190821021108
Boxer,Motu Patlu,https://static.wikia.nocookie.net/motu-patlu/images/e/e9/Boxer_3.png/revision/latest?cb=20170907062533
Samosa wala,Motu Patlu,https://static.wikia.nocookie.net/motu-patlu/images/d/d2/Chaiwala_.png/revision/latest?cb=20170807021958
Hera Singh,Motu Patlu,https://static.wikia.nocookie.net/motu-patlu/images/5/56/Hera.png/revision/latest?cb=20180327092110
Number 1,Motu Patlu,https://static.wikia.nocookie.net/motu-patlu/images/3/35/N1-removebg-preview.png/revision/latest?cb=20200916144607
Number 2,Motu Patlu,https://static.wikia.nocookie.net/motu-patlu/images/f/f7/Number_2_New_Version.png/revision/latest?cb=20200729213341
Doraemon,Doraemon,https://upload.wikimedia.org/wikipedia/en/b/bd/Doraemon_character.png
Nobita Nobi,Doraemon,https://e7.pngegg.com/pngimages/947/1003/png-clipart-shizuka-minamoto-nobita-nobi-doraemon-animation-doraemon-child-hand.png
Shizuka Minamoto,Doraemon,https://static.wikia.nocookie.net/doraemon/images/7/71/C0E297DC-08AE-43E6-841D-41E95B2FC8D0.jpeg/revision/latest?cb=20181218213552&path-prefix=en
"Takeshi ""Gian"" Goda",Doraemon,https://static.wikia.nocookie.net/doraemon/images/4/45/Jaian_2005_ID.png/revision/latest/scale-to-width-down/1200?cb=20181215062535&path-prefix=en
Suneo Honekawa,Doraemon,https://i.pinimg.com/736x/88/3c/a5/883ca5c817ea84fae981ab1abc356dce.jpg
Shin Chan Nohara,Shin Chan,https://static.wikia.nocookie.net/crayonshinchan/images/6/6d/SHIN.png/revision/latest?cb=20200609184539
Misae Nohara (Shin Chan's mother),Shin Chan,https://qph.cf2.quoracdn.net/main-qimg-987f49a6d04406e0b62f70a366bf6b7a-pjlq
Hiroshi Nohara (Shin Chan's father),Shin Chan,https://1.bp.blogspot.com/-h-d-TiYST3Q/YJoKmHi4n3I/AAAAAAAACSw/EmeUYHhSWpkuPMo6gE77UlaBnO2-umTZACLcBGAsYHQ/w450-h253/c4decbb9029c90006bf471be59e6807532b59f63_hq.jpg
Himawari Nohara (Shin Chan's sister),Shin Chan,https://i.pinimg.com/originals/f1/81/c0/f181c0fc8387146d3ab00411378b767b.jpg
Nene Sakurada,Shin Chan,https://static.wikia.nocookie.net/crayonshinchan/images/4/40/Pennt.png/revision/latest?cb=20200811055030
Kazama,Shin Chan,https://static.wikia.nocookie.net/crayonshinchan/images/d/d1/Kazama.png/revision/latest?cb=20200811030303
Masao,Shin Chan,https://static.wikia.nocookie.net/crayonshinchan/images/e/ec/Masao.png/revision/latest?cb=20200811111456
Bo-chan,Shin Chan,https://static.wikia.nocookie.net/crayonshinchan/images/5/5f/Bo.png/revision/latest?cb=20200811110840
Yoshinaga,Shin Chan,https://static.wikia.nocookie.net/crayonshinchan/images/f/f8/Yoshinga.jpeg/revision/latest?cb=20120506032223
Kris,Roll No. 21,https://s3.ap-south-1.amazonaws.com/pogons3/characters/190.png
Kanishk,Roll No. 21,https://images-na.ssl-images-amazon.com/images/S/pv-target-images/f90db511fb151b79c2491f7b5057d70a0675c2da4e00cee3a967f9fac44b8bde._RI_TTW_.png
Principal Kanishk,Roll No. 21,https://images-na.ssl-images-amazon.com/images/S/pv-target-images/e565023413c0bf8de08d3604c1d4a0253cac6a54bab7e878593a9a4d1c5d341e._RI_TTW_.png
Babloo,Roll No. 21,https://static.wikia.nocookie.net/roll-no-21/images/d/dc/Bablu_Portal.png/revision/latest?cb=20150607113054
Golu,Roll No. 21,https://images-na.ssl-images-amazon.com/images/S/pv-target-images/696a91e57c718b228556e107c11cb0ee9ba4b905c28c41052632a900c16fa685._RI_TTW_.png
Ben Tennyson,Ben 10,https://static.wikia.nocookie.net/ben10/images/1/16/Ben_Tennyson_%28Classic%29_Original_Series_Pose_1.png/revision/latest?cb=20200510173243
Gwen Tennyson,Ben 10,https://static.wikia.nocookie.net/ben10/images/9/99/Gwen_Tennyson_%28Classic%29_Original_Series_Pose_1.png/revision/latest?cb=20200510173234
Max Tennyson,Ben 10,https://static.wikia.nocookie.net/ben10/images/c/c8/Max_tenyson_poses_%281%29.png/revision/latest?cb=20200510173221
Kevin Levin,Ben 10,https://static.wikia.nocookie.net/ben10/images/c/ce/KevinAFStanding.png/revision/latest?cb=20210602130424
Vilgax,Ben 10,https://static.wikia.nocookie.net/ben10/images/1/15/Implants_Vilgax.png/revision/latest?cb=20210315202005
Four Arms,Ben 10,https://static.wikia.nocookie.net/ben10/images/d/d0/Four_arms_os_render.png/revision/latest?cb=20141129030943
Heatblast,Ben 10,https://static.wikia.nocookie.net/ben10/images/7/70/Heatblast_os.png/revision/latest?cb=20210316202327
XLR8,Ben 10,https://static.wikia.nocookie.net/ben10/images/8/85/XLR8.png/revision/latest?cb=20170401222738
Diamondhead,Ben 10,https://static.wikia.nocookie.net/ben10/images/a/ab/Diamondhead_os.png/revision/latest?cb=20210220164254
Upgrade,Ben 10,https://static.wikia.nocookie.net/ben10/images/6/62/Upgrade_Model.png/revision/latest?cb=20200511092500
Grey Matter,Ben 10,https://static.wikia.nocookie.net/ben10/images/e/e9/Grey_Matter.png/revision/latest?cb=20140510174853
Wildvine,Ben 10,https://static.wikia.nocookie.net/ben10/images/6/61/Wildvine_Flors_Verdance.png/revision/latest?cb=20210314021751
Stinkfly,Ben 10,https://e1.pxfuel.com/desktop-wallpaper/88/304/desktop-wallpaper-discuss-everything-about-ben-10-wiki-stinkfly.jpg
Ripjaws,Ben 10,https://static.wikia.nocookie.net/ben10/images/9/98/Ripjaws.png/revision/latest?cb=20210314020024
Oggy,Oggy and the Cockroaches,https://static.wikia.nocookie.net/oggyandthecockroaches/images/d/d9/OGGY_PERSO.png/revision/latest?cb=20181112161051
Dee Dee,Oggy and the Cockroaches,https://i.pinimg.com/originals/3a/b2/74/3ab2743fdede45d9f0601db54f1c91ef.png
Marky,Oggy and the Cockroaches,https://static.wikia.nocookie.net/oggyandthecockroaches/images/7/71/MARKY_PERSO.png/revision/latest?cb=20171129180137
Joey,Oggy and the Cockroaches,https://static.wikia.nocookie.net/oggyandthecockroaches/images/b/b6/JOEY_PERSO.png/revision/latest?cb=20171129180125
Jack,Oggy and the Cockroaches,https://static.wikia.nocookie.net/oggyandthecockroaches/images/c/cf/JACK_PERSO.png/revision/latest?cb=20171129180205
Bob,Oggy and the Cockroaches,https://assets.mycast.io/actor_images/actor-bob-oggy-and-the-cockroaches-400472_large.jpg?1649226404
Little Krishna,Little Krishna,https://wallpaperaccess.com/full/2080104.jpg
Radha,Little Krishna,https://m.media-amazon.com/images/I/81e6yruYILL.jpg
Balarama,Little Krishna,https://images-na.ssl-images-amazon.com/images/S/pv-target-images/ee79ac3d3045ba2b2aa38203c575753fa9a60143b71aad653e23ff7df1a44f7f._RI_TTW_.png
Kamsa,Little Krishna,https://encrypted-tbn0.gstatic.com/images?q=tbn:ANd9GcRORl7WNGgz65W4GNq8lq7SCtbZ7TDs_jmm9C8dB8u0_RbFDZMk4gye3fCTACRs_I0AzEI&usqp=CAU
Yashoda,Little Krishna,https://e1.pxfuel.com/desktop-wallpaper/673/885/desktop-wallpaper-krishna-yashoda-anime-of-krishna-in-cartoon.jpg
Nanda Baba,Little Krishna,https://i.pinimg.com/originals/bd/be/52/bdbe525782e745cc20d5ad12ff8fe10f.jpg
Jarasandha,Little Krishna,https://3.bp.blogspot.com/_bFgDF8QgmFM/TDVZWmAlWCI/AAAAAAAAAHo/8S3YU0dnIDM/s1600/The+Story+of+Krishna+and+Jarasandha.gif
Ugrasena,Little Krishna,https://i.pinimg.com/originals/19/a3/5a/19a35a46859598a8f9381f60c118138a.jpg
Indra,Little Krishna,https://m.media-amazon.com/images/M/MV5BMDJjM2Q3NmYtZThiYS00N2E4LWJjMWEtZGQ4YmNkMTQ5MmYyXkEyXkFqcGdeQXVyNTc0NjY1ODk@._V1_.jpg
Shridama,Little Krishna,https://m.media-amazon.com/images/M/MV5BMDJjM2Q3NmYtZThiYS00N2E4LWJjMWEtZGQ4YmNkMTQ5MmYyXkEyXkFqcGdeQXVyNTc0NjY1ODk@._V1_.jpg
Subala,Little Krishna,https://encrypted-tbn0.gstatic.com/images?q=tbn:ANd9GcSl5TXQax_XGeIK2x0zc1ZiuO1c8x7bYeFCG2JcoT4Q9j4777ca568UGP5MmTjLqGIXe7w&usqp=CAU
Doggy Don,Pakdam Pakdai,https://images-na.ssl-images-amazon.com/images/S/pv-target-images/ec909268c0649b48e97d3cacf692b619dd069588b1ed8955d9cb2f6fe7b16296._RI_TTW_.jpg
Colonel,Pakdam Pakdai,https://static.wikia.nocookie.net/pakdam-pakdai/images/4/48/Colonel_nud2k.png/revision/latest/scale-to-width-down/180?cb=20200529203943
Chhotu,Pakdam Pakdai,https://images-na.ssl-images-amazon.com/images/S/pv-target-images/4ae7b76b119a6d291a48b999d65c7a7fb16811733072cddfeee7d31e0d22534c._RI_TTW_.jpg
Motu,Pakdam Pakdai,https://images-na.ssl-images-amazon.com/images/S/pv-target-images/4ae7b76b119a6d291a48b999d65c7a7fb16811733072cddfeee7d31e0d22534c._RI_TTW_.jpg
Lambu,Pakdam Pakdai,https://images-na.ssl-images-amazon.com/images/S/pv-target-images/4ae7b76b119a6d291a48b999d65c7a7fb16811733072cddfeee7d31e0d22534c._RI_TTW_.jpg
Kitty,Pakdam Pakdai,https://e1.pxfuel.com/desktop-wallpaper/153/755/desktop-wallpaper-why-is-doraemon-the-most-favorite-cartoon-character-in-india-pakdam-pakdai.jpg
Bal Ganesh,Bal Ganesh,https://images-na.ssl-images-amazon.com/images/S/pv-target-images/62205f36b083125c12438d000a9609ae669cf63229305792c05aaaa2cd64ed8b._RI_TTW_.jpg
Gajmukhasur,Bal Ganesh,https://i.ytimg.com/vi/Lc1h9gb8ppk/maxresdefault.jpg
Hattori,Ninja Hattori,https://static.wikia.nocookie.net/ninjahattori/images/a/ac/Imagess.jpg/revision/latest?cb=20190717174758
Kenichi,Ninja Hattori,https://static.wikia.nocookie.net/p__/images/8/88/Kenichi_Mitsuba.png/revision/latest?cb=20190628205832&path-prefix=protagonist
Shishimaru,Ninja Hattori,https://static.wikia.nocookie.net/ninjahattori/images/c/c2/C682D73F-6033-45EA-9E95-B75B1BF320F9.jpeg/revision/latest/scale-to-width-down/250?cb=20210527182524
Shinzo,Ninja Hattori,https://static.wikia.nocookie.net/ninjahattori/images/9/9f/676BC0A4-41CC-4B98-B024-423F5698CC0D.jpeg/revision/latest/scale-to-width-down/250?cb=20210409142005
Kemumaki,Ninja Hattori,https://static.wikia.nocookie.net/ninjahattori/images/a/a6/Kemo.PNG/revision/latest?cb=20180905155756
Yumeko,Ninja Hattori,https://static.wikia.nocookie.net/ninjahattori/images/7/71/Yumeko_%282%29.png/revision/latest?cb=20160911165350
Kagechiyo,Ninja Hattori,https://static.wikia.nocookie.net/ninjahattori/images/2/27/Vlcsnap-2017-04-27-22h30m31s064.png/revision/latest/scale-to-width-down/1920?cb=20170428051119
Tsubame,Ninja Hattori,https://i.pinimg.com/1200x/df/77/60/df776085bff4ad43b0b624717adc7213.jpg
Koike-sensei,Ninja Hattori,https://static.wikia.nocookie.net/ninjahattori/images/3/31/2m6k7qh.png/revision/latest/scale-to-width-down/250?cb=20170506211114
Mrs. Mitsuba,Ninja Hattori,https://static.wikia.nocookie.net/ninjahattori/images/f/fc/Mom_%281%29.png/revision/latest?cb=20160911170348
Mr. Mitsuba,Ninja Hattori,https://static.wikia.nocookie.net/ninjahattori/images/1/18/Kentaru_Mitsuba_Editon.png/revision/latest/scale-to-width-down/500?cb=20160423063912
Mighty Raju,Mighty Raju,https://wallpaperaccess.com/full/5425489.jpg
Gopi,Mighty Raju,https://www.greengold.tv/assets/Character/MR/Gopi.jpg
Moby,Mighty Raju,https://encrypted-tbn0.gstatic.com/images?q=tbn:ANd9GcQX2WPCncfQxupV6Ze9CNTBpuSRT2UQPKU-zuy5iYBKb3wkOBxm0gmxNLL8Qv9pZs6FVak&usqp=CAU
Cheeky,Mighty Raju,https://i.ytimg.com/vi/p8JSZQ-noU4/maxresdefault.jpg
Julie,Mighty Raju,https://www.greengold.tv/assets/Character/MR/July.jpg
Chhutki,Mighty Raju,https://e0.pxfuel.com/wallpapers/298/964/desktop-wallpaper-wrong-legs-chhota-bheem-indumati-chutki-mighty-raju-finger-family-song-learn-colors-for-kids.jpg
Commissioner Khanna,Mighty Raju,https://www.greengold.tv/assets/Character/MR/Khanna.jpg
Karaati,Mighty Raju,https://www.greengold.tv/assets/Character/MR/Karate.jpg
Mr. Sinha,Mighty Raju,https://www.greengold.tv/assets/Character/MR/Karate.jpg
Montu,Mighty Raju,https://www.greengold.tv/assets/Character/MR/Karate.jpg
Charlie,Mighty Raju,https://s3.ap-south-1.amazonaws.com/pogons3/characters/24.png
Swami,Mighty Raju,https://www.greengold.tv/assets/Character/MR/Swamy.jpg
Shiva,Shiva,https://www.greengold.tv/assets/Character/MR/Swamy.jpg
Aditya,Shiva,https://cdn.sonicgang.com/wp-content/uploads/2019/04/23145441/adi-small.png
Reva,Shiva,https://cdn.sonicgang.com/wp-content/uploads/2019/04/23145400/reva-small.png
Mr. Ladoo Singh,Shiva,https://cdn.sonicgang.com/wp-content/uploads/2019/04/23144017/laddo-small.png
Mrs. Ladoo Singh,Shiva,https://cdn.nickindia.com/wp-content/uploads/2018/06/Laddoo-Singh-live-v1-min.png
Vikram,Vikram Betal,https://media.newstrack.in/uploads/entertainment-news/television-news/Apr/21/big_thumb/fghf_5e9e6feb5164d.JPG
Betal,Vikram Betal,https://3.bp.blogspot.com/-2XX72-XsoUU/U8TX-H_eegI/AAAAAAAAIio/l9h1X8qabRY/s1600-rw/vikram-betal-stories-betal-pachchisi.jpg
Guru,Guru Aur Bhole,https://m.media-amazon.com/images/M/MV5BNjhmYjIxNWMtOWM3Ni00NWU5LWFlOGYtYTcwYTM1OWZjNTRkXkEyXkFqcGdeQXVyODQyMjg4NDE@._V1_.jpg
Bhole,Guru Aur Bhole,https://m.media-amazon.com/images/M/MV5BNjhmYjIxNWMtOWM3Ni00NWU5LWFlOGYtYTcwYTM1OWZjNTRkXkEyXkFqcGdeQXVyODQyMjg4NDE@._V1_.jpg
Gattu,Sab Jholmaal Hai,https://e1.pxfuel.com/desktop-wallpaper/584/513/desktop-wallpaper-sab-jholmaal-hai-honey-bunny-thumbnail.jpg
Gatru,Sab Jholmaal Hai,https://e1.pxfuel.com/desktop-wallpaper/584/513/desktop-wallpaper-sab-jholmaal-hai-honey-bunny.jpg
Sundar,Sab Jholmaal Hai,https://e1.pxfuel.com/desktop-wallpaper/885/287/desktop-wallpaper-sab-jholmaal-hai-honey-bunny.jpg
Ballu,Sab Jholmaal Hai,https://encrypted-tbn0.gstatic.com/images?q=tbn:ANd9GcQr1QSHLJbRjdZw2fY0nIoFj5wlM5mP_ejtIlcgXTQ9z5oh4tD0WSfzAtOH2_8ELj6BI3k&usqp=CAU
Lambu,Sab Jholmaal Hai,https://e1.pxfuel.com/desktop-wallpaper/584/513/desktop-wallpaper-sab-jholmaal-hai-honey-bunny.jpg
Badru,Sab Jholmaal Hai,https://e1.pxfuel.com/desktop-wallpaper/584/513/desktop-wallpaper-sab-jholmaal-hai-honey-bunny.jpg
Chunnu,Sab Jholmaal Hai,https://e1.pxfuel.com/desktop-wallpaper/584/513/desktop-wallpaper-sab-jholmaal-hai-honey-bunny-thumbnail.jpg
Munnu,Sab Jholmaal Hai,https://e1.pxfuel.com/desktop-wallpaper/584/513/desktop-wallpaper-sab-jholmaal-hai-honey-bunny-thumbnail.jpg
Eena,Eena Meena Deeka,https://cdn.untumble.com/Uploads/ProductImages/eena-meena-deeka/Eena-Meena-Deeka-Cutout-1-637312602489952596.jpg
Meena,Eena Meena Deeka,https://cdn.untumble.com/Uploads/ProductImages/eena-meena-deeka/Eena-Meena-Deeka-Cutout-1-637312602489952596.jpg
Deeka,Eena Meena Deeka,https://cdn.untumble.com/Uploads/ProductImages/eena-meena-deeka/Eena-Meena-Deeka-Cutout-1-637312602489952596.jpg
Gattu,Gattu Battu,https://images-na.ssl-images-amazon.com/images/S/pv-target-images/3ca565f060ad4b37aced855d93fcb88729893b14e7e3cf8b37b391b84604eff0._RI_TTW_.jpg
Battu,Gattu Battu,https://upload.wikimedia.org/wikipedia/en/4/43/Gattu_Battu_logo.png
Inspector Chunnu,Gattu Battu,https://www.pngkit.com/png/full/366-3666821_inspector-manmani-inspector-manmani-gattu-battu.png
Budhdeb,Bandbudh Aur Budbak,https://upload.wikimedia.org/wikipedia/en/0/08/Bandbudh_Aur_Budbak_logo.jpg
Badrinath,Bandbudh Aur Budbak,https://s3images.zee5.com/wp-content/uploads/sites/7/2020/08/Bandbudh-Aur-Budbak-Badrinath-and-Buddhdeb.jpg
Mr. Rathi,Bandbudh Aur Budbak,https://s3images.zee5.com/wp-content/uploads/sites/7/2020/08/Bandbudh-Aur-Budbak-4.jpg
Triplets,Bandbudh Aur Budbak,https://s3images.zee5.com/wp-content/uploads/sites/7/2020/08/Bandbudh-Aur-Budbak-Mukesh-Ramesh-Ganesh.jpg
Patel,Bandbudh Aur Budbak,https://s3images.zee5.com/wp-content/uploads/sites/7/2020/08/Bandbudh-Aur-Budbak-Peon-Patel.jpg
Yoga Sir,Bandbudh Aur Budbak,https://s3images.zee5.com/wp-content/uploads/sites/7/2020/08/Bandbudh-Aur-Budbak-Yogiraj.jpg
Dubey,Bandbudh Aur Budbak,https://s3images.zee5.com/wp-content/uploads/sites/7/2020/08/Bandbudh-Aur-Budbak-4.jpg
Karan,Bandbudh Aur Budbak,https://s3images.zee5.com/wp-content/uploads/sites/7/2020/08/Bandbudh-Aur-Budbak-Karan.jpg
Sabina,Bandbudh Aur Budbak,https://s3images.zee5.com/wp-content/uploads/sites/7/2020/08/Bandbudh-Aur-Budbak-3.jpg
Gyan,Bandbudh Aur Budbak,https://s3images.zee5.com/wp-content/uploads/sites/7/2020/08/Bandbudh-Aur-Budbak-Gyan-Singh.jpg
Sher,Panchatantra,https://rukminim1.flixcart.com/image/850/1000/jg15aq80/book/1/5/7/panchatantra-story-books-tales-from-panchtantra-hindi-sher-or-original-imaf4d7quz8ngdeh.jpeg?q=90
Siyar,Panchatantra,https://motivationalstoryinhindi.com/wp-content/uploads/2019/03/blue-jackal-story-in-hindi.jpg
Kauwa,Panchatantra,https://i.ytimg.com/vi/BwXOtzXzW1w/maxresdefault.jpg
Bandar,Panchatantra,https://im.indiatimes.in/content/itimes/video/2013/May/10/1368210474-panchatantra-tales-in-hindi-bandar-aur-magarmach-animated-story-for-kids-moral-story-kahani.jpg?w=820&h=540&cc=1
Kachua,Panchatantra,https://1.bp.blogspot.com/-ELmfAnJanvU/XrmE3GR_8vI/AAAAAAAABwg/ni7nBuJ-rNYHz_8b1tgmk4QQLIBmKsCpwCLcBGAsYHQ/w1200-h630-p-k-no-nu/Swans%2526Tortoise%2B%25281%2529.jpg
Khargosh,Panchatantra,https://www.merisaheli.com/wp-content/uploads/2016/12/khargosh.jpg
Hathi,Panchatantra,https://i.ytimg.com/vi/jgXpz_aTmrE/maxresdefault.jpg
Hiran,Panchatantra,https://i.ytimg.com/vi/1A7HxbovqCM/maxresdefault.jpg
Sherni,Panchatantra,https://i.ytimg.com/vi/5I8nNQaTGtU/maxresdefault.jpg
Chuha,Panchatantra,https://i.timesnowhindi.com/stories/Mouse_and_Sadhu_story.jpg
Bheriya,Panchatantra,https://i.ytimg.com/vi/uvUhrql47Xc/maxresdefault.jpg
Bagula,Panchatantra,https://4.bp.blogspot.com/-bHepcgAYx6c/V4TF9BVIT2I/AAAAAAAAQWA/LZyEMzXTx_IFrzpXSQBfdsg36e-C1MV4gCLcB/w305/panchatantra-crane-crab-hindi-1.png
Brahman,Panchatantra,https://www.merisaheli.com/wp-content/uploads/2018/03/brahmin.jpg
Lomdi,Panchatantra,https://www.merisaheli.com/wp-content/uploads/2017/11/fox-and-the-crow-story-685x463.jpg
Eli Shane,Slugterra,https://static.wikia.nocookie.net/slugterra/images/0/01/Eli_Shane_in_Slugterra_Eastern_Caverns.png/revision/latest?cb=20150721201108
Trixie Sting,Slugterra,https://static.wikia.nocookie.net/slugterra/images/3/37/Elitrixie.JPG/revision/latest?cb=20140609150431
Kord Zane,Slugterra,https://static.wikia.nocookie.net/slugterra/images/7/7a/Kord_hand_out.jpg/revision/latest?cb=20170321210441
Pronto Geronimole,Slugterra,https://static.wikia.nocookie.net/slugterra/images/f/f3/Pronto.png/revision/latest?cb=20130224214552
Dr. Blakk,Slugterra,https://static.wikia.nocookie.net/slugterra/images/a/aa/Drblackpng.png/revision/latest?cb=20140306050954
Junjie,Slugterra,https://static.wikia.nocookie.net/slugterra/images/d/d4/Junjie.png/revision/latest?cb=20160117204049
Burpy,Slugterra,https://static.wikia.nocookie.net/slugterra/images/f/f4/Infurnusmega-proto.png/revision/latest?cb=20160117210032
Joules,Slugterra,https://static.wikia.nocookie.net/slugterra/images/a/ac/Tazer-prot-MM.png/revision/latest?cb=20141108200252
Tenali Raman,The Adventures of Tenali Raman,https://images.plex.tv/photo?size=medium-360&url=https%3A%2F%2Fimage.tmdb.org%2Ft%2Fp%2Foriginal%2FukcxSkZ2JBhFmxZPyMvAJO0k3ZF.jpg
King Krishnadevaraya,The Adventures of Tenali Raman,https://nettv4u.com/imagine/06-07-2020/the-adventures-of-tenali-rama.jpg
Minister Tathacharya,The Adventures of Tenali Raman,https://i.ytimg.com/vi/u5eAtIaEnT8/maxresdefault.jpg
Varadacharya,The Adventures of Tenali Raman,https://i.ytimg.com/vi/u5eAtIaEnT8/maxresdefault.jpg
Timmarusu,The Adventures of Tenali Raman,https://i.ytimg.com/vi/u5eAtIaEnT8/maxresdefault.jpg
Tom,The Tom and Jerry Show,https://images-na.ssl-images-amazon.com/images/S/pv-target-images/d3b7ea073f9b0f3672d84277de06ea1df12aa69bd02ad2a88fbbad7eb624759b._RI_TTW_.jpg
Jerry,The Tom and Jerry Show,https://i.pinimg.com/originals/6c/07/3d/6c073d0e2486450fe56d3db107b5801a.png
Bob,Bob the Builder,https://upload.wikimedia.org/wikipedia/en/c/c5/Bob_the_builder.jpg
Wendy,Bob the Builder,https://static.wikia.nocookie.net/p__/images/4/4a/TransparentWendy.png/revision/latest?cb=20210911095325&path-prefix=protagonist
Scoop,Bob the Builder,https://static.wikia.nocookie.net/p__/images/2/23/CGIScoop.png/revision/latest?cb=20210910150414&path-prefix=protagonist
Muck,Bob the Builder,https://static.wikia.nocookie.net/btb/images/d/d8/MuckCGI.png/revision/latest?cb=20180929085910
Dizzy,Bob the Builder,https://static.wikia.nocookie.net/btb/images/3/3d/DizzyStopMotion.png/revision/latest?cb=20181103075428
Roley,Bob the Builder,https://static.wikia.nocookie.net/btb/images/6/66/RoleyCGI.png/revision/latest?cb=20180924124229
Lofty,Bob the Builder,https://static.wikia.nocookie.net/btb/images/9/93/LoftyCGI.png/revision/latest?cb=20181030232626
Travis,Bob the Builder,https://static.wikia.nocookie.net/btb/images/1/1b/TravisStopMotion.png/revision/latest?cb=20220121222906
Spud,Bob the Builder,https://ichef.bbci.co.uk/images/ic/640x360/p08rsxfw.jpg
Farmer Pickles,Bob the Builder,https://static.wikia.nocookie.net/btb/images/1/14/Farmer_Pickles.png/revision/latest?cb=20200724124049
Courage,Courage the Cowardly Dog,https://static.wikia.nocookie.net/warner-bros-entertainment/images/e/e5/Courage_cartoon_network.png/revision/latest?cb=20170930042909
Muriel Bagge,Courage the Cowardly Dog,https://static.wikia.nocookie.net/courage/images/d/d9/Muriel_Bagge.png/revision/latest?cb=20181025053335
Eustace Bagge,Courage the Cowardly Dog,https://static.wikia.nocookie.net/courage/images/a/ac/Eustace_Bagge.png/revision/latest?cb=20181025053335
Katz,Courage the Cowardly Dog,https://static.wikia.nocookie.net/courage/images/2/25/Arthur-zambaldi-courage-monsters-katz.jpg/revision/latest/scale-to-width-down/1200?cb=20190804173411
The Computer,Courage the Cowardly Dog,https://static.wikia.nocookie.net/legendsofthemultiuniverse/images/1/12/Computer.jpg/revision/latest?cb=20140324022348
Fred,Courage the Cowardly Dog,https://static.wikia.nocookie.net/courage/images/c/c3/Freaky_Fred.png/revision/latest?cb=20181025052100
Blossom,Powerpuff Girls,https://static.wikia.nocookie.net/powerpuff/images/2/23/Blossom-pic.png/revision/latest?cb=20190329151816
Bubbles,Powerpuff Girls,https://comicvine.gamespot.com/a/uploads/scale_medium/11/111746/5814382-powerpuffgirls-bubbles_large.png
Buttercup,Powerpuff Girls,https://static.wikia.nocookie.net/powerpuff/images/1/14/Buttercup-pic.png/revision/latest?cb=20190329151511
Professor Utonium,Powerpuff Girls,https://static.wikia.nocookie.net/p__/images/1/1c/Professor_Utonium_render.png/revision/latest?cb=20210105154340&path-prefix=protagonist
Mojo Jojo,Powerpuff Girls,https://static.wikia.nocookie.net/villains/images/f/f0/MotoJojo.png/revision/latest?cb=20190118162531
SpongeBob SquarePants,SpongeBob SquarePants,https://upload.wikimedia.org/wikipedia/en/thumb/3/3b/SpongeBob_SquarePants_character.svg/640px-SpongeBob_SquarePants_character.svg.png
Patrick Star,SpongeBob SquarePants,https://upload.wikimedia.org/wikipedia/en/thumb/3/33/Patrick_Star.svg/1200px-Patrick_Star.svg.png
Squidward Tentacles,SpongeBob SquarePants,"https://images-wixmp-ed30a86b8c4ca887773594c2.wixmp.com/f/405610ed-0ed8-404b-b733-b0bc5ad9d340/ddhxhn0-0e568ebc-4af0-4493-a894-5f59375fb9db.png/v1/fill/w_226,h_562/squidward_tentacles___spongebob_squarepants_by_thelivingbluejay_ddhxhn0-fullview.png?token=eyJ0eXAiOiJKV1QiLCJhbGciOiJIUzI1NiJ9.eyJzdWIiOiJ1cm46YXBwOjdlMGQxODg5ODIyNjQzNzNhNWYwZDQxNWVhMGQyNmUwIiwiaXNzIjoidXJuOmFwcDo3ZTBkMTg4OTgyMjY0MzczYTVmMGQ0MTVlYTBkMjZlMCIsIm9iaiI6W1t7ImhlaWdodCI6Ijw9NTYyIiwicGF0aCI6IlwvZlwvNDA1NjEwZWQtMGVkOC00MDRiLWI3MzMtYjBiYzVhZDlkMzQwXC9kZGh4aG4wLTBlNTY4ZWJjLTRhZjAtNDQ5My1hODk0LTVmNTkzNzVmYjlkYi5wbmciLCJ3aWR0aCI6Ijw9MjI2In1dXSwiYXVkIjpbInVybjpzZXJ2aWNlOmltYWdlLm9wZXJhdGlvbnMiXX0.C2_cr0ZT64kylV-OjbEBUZ4HgWAjWzBLx8XsqYjgtf8"
Mr. Krabs,SpongeBob SquarePants,https://static.wikia.nocookie.net/spongebob/images/7/7b/Krabs_artwork.png/revision/latest?cb=20220807045807
Sandy Cheeks,SpongeBob SquarePants,https://i.pinimg.com/564x/32/6b/2b/326b2bd41a66b1b0ff54bb1a5ee5e072--spongebob-squarepants-nickelodeon.jpg
Plankton,SpongeBob SquarePants,https://static.wikia.nocookie.net/spongebob/images/7/77/Plankton_stock_art.png/revision/latest?cb=20210916065141
Gary the Snail,SpongeBob SquarePants,https://a1cf74336522e87f135f-2f21ace9a6cf0052456644b80fa06d4f.ssl.cf2.rackcdn.com/images/characters/large/800/Gary-the-Snail.SpongeBob-SquarePants.webp
Mrs. Puff,SpongeBob SquarePants,https://www.looper.com/img/gallery/this-is-who-voices-mrs-puff-on-spongebob/l-intro-1621539075.jpg
Bugs Bunny,Looney Tunes,https://static.wikia.nocookie.net/looneytunes/images/b/ba/BD1DC604-0990-445E-A75E-3E2CB91741EF.png/revision/latest?cb=20201206015718
Daffy Duck,Looney Tunes,
Porky Pig,Looney Tunes,https://upload.wikimedia.org/wikipedia/en/thumb/8/88/Porky_Pig.svg/1200px-Porky_Pig.svg.png
Elmer Fudd,Looney Tunes,https://upload.wikimedia.org/wikipedia/en/c/c0/ElmerFudd.png
Tweety Bird,Looney Tunes,https://static.wikia.nocookie.net/looneytunes/images/e/e7/Tweety1.gif/revision/latest?cb=20200506185018
Sylvester the Cat,Looney Tunes,https://upload.wikimedia.org/wikipedia/en/thumb/8/82/Sylvester_the_Cat.svg/800px-Sylvester_the_Cat.svg.png
Yosemite Sam,Looney Tunes,https://static.wikia.nocookie.net/looneytunes/images/8/8c/Yosemite_Sam.png/revision/latest?cb=20180523161541
Wile E. Coyote,Looney Tunes,https://static.wikia.nocookie.net/looneytunes/images/7/7f/Coyote.gif/revision/latest?cb=20060219181853
Road Runner,Looney Tunes,https://static.wikia.nocookie.net/looneytunes/images/4/43/Road-runner.png/revision/latest?cb=20230106103454
Foghorn Leghorn,Looney Tunes,https://upload.wikimedia.org/wikipedia/en/a/a0/Foghorn_Leghorn.png
Marvin the Martian,Looney Tunes,https://upload.wikimedia.org/wikipedia/en/thumb/d/d5/Marvin_the_Martian.svg/1200px-Marvin_the_Martian.svg.png
Tasmanian Devil,Looney Tunes,https://upload.wikimedia.org/wikipedia/en/thumb/c/c4/Taz-Looney_Tunes.svg/1200px-Taz-Looney_Tunes.svg.png
Granny,Looney Tunes,https://upload.wikimedia.org/wikipedia/en/c/ca/Granny_%28Looney_Tunes%29.png
Speedy Gonzales,Looney Tunes,https://upload.wikimedia.org/wikipedia/en/thumb/f/fe/Speedy_Gonzales.svg/220px-Speedy_Gonzales.svg.png
Pepé Le Pew,Looney Tunes,https://upload.wikimedia.org/wikipedia/en/thumb/9/9a/Pep%C3%A9_Le_Pew.svg/1200px-Pep%C3%A9_Le_Pew.svg.png
Lola Bunny,Looney Tunes,https://upload.wikimedia.org/wikipedia/en/5/5f/Lola_Bunny_%28SVG%29.png
Mickey Mouse,Mickey Mouse Clubhouse,https://static.wikia.nocookie.net/mickeyclub/images/d/d4/Mickey_Mouse.png/revision/latest?cb=20161007001708
Minnie Mouse,Mickey Mouse Clubhouse,https://static.wikia.nocookie.net/mickeyclub/images/6/67/Minnie_Mouse.png/revision/latest?cb=20161007002135
Donald Duck,Mickey Mouse Clubhouse,https://static.wikia.nocookie.net/mickeyclub/images/6/6f/Donald_Duck.png/revision/latest?cb=20161007004521
Daisy Duck,Mickey Mouse Clubhouse,https://static.wikia.nocookie.net/mickeyclub/images/8/85/Daisy_Duck.png/revision/latest/scale-to-width-down/228?cb=20161007004513
Goofy,Mickey Mouse Clubhouse,https://static.wikia.nocookie.net/mickeyclub/images/3/3c/05574f6cf098436bc541e7c863f1ebd3.png/revision/latest?cb=20200308133234
Pluto,Mickey Mouse Clubhouse,https://m.media-amazon.com/images/M/MV5BMjFkOGE4ZjMtYjMwYy00YTU1LWI4NWItYjFiZDQwYjk5YWFhXkEyXkFqcGdeQXVyMTcwODc0MDM@._V1_.jpg
and Clarabelle Cow,Mickey Mouse Clubhouse,"https://m.media-amazon.com/images/M/MV5BMTczMTk5OTc5NF5BMl5BanBnXkFtZTgwODQzOTQ1MjE@._V1_UY1200_CR485,0,630,1200_AL_.jpg"
Peppa Pig,Peppa Pig,https://cdn.shopify.com/s/files/1/0899/1470/files/banner-family-hub-peppa-pig_9eeeded8-532c-415d-b536-65277db33261.png
George Pig,Peppa Pig,https://cdn.shopify.com/s/files/1/0899/1470/files/banner-family-hub-george-pig.png
Mummy Pig,Peppa Pig,https://cdn.shopify.com/s/files/1/0899/1470/files/banner-family-hub-mummy-pig.png
Daddy Pig,Peppa Pig,https://cdn.shopify.com/s/files/1/0899/1470/files/banner-family-hub-daddy-pig.png
Granny Pig,Peppa Pig,https://cdn.shopify.com/s/files/1/0899/1470/files/banner-family-hub-granny-pig_99f4a195-35ce-4a43-8d87-031970252b96.png
Grandpa Pig,Peppa Pig,https://cdn.shopify.com/s/files/1/0899/1470/files/banner-family-hub-grandpa-pig.png
Suzy Sheep,Peppa Pig,https://cdn.shopify.com/s/files/1/0899/1470/files/banner-family-hub-suzie-sheep.png
Rebecca Rabbit,Peppa Pig,https://static.wikia.nocookie.net/peppapedia/images/c/c3/Rebecca.png/revision/latest?cb=20220411225043
Pedro Pony,Peppa Pig,https://static.wikia.nocookie.net/peppapig/images/1/10/PicsArt_01-21-05.31.05.png/revision/latest?cb=20210121230902
Danny Dog,Peppa Pig,https://cdn.shopify.com/s/files/1/0899/1470/files/banner-family-hub-danny-dog_de41da88-c256-44ba-9a4b-755686829c9a.png
Candy Cat,Peppa Pig,https://cdn.shopify.com/s/files/1/0899/1470/files/banner-family-hub-candy-cat.png
Emily Elephant,Peppa Pig,https://cdn.shopify.com/s/files/1/0899/1470/files/banner-family-hub-emily-elephant.png
Zoe Zebra,Peppa Pig,https://static.wikia.nocookie.net/peppapig/images/7/7c/ZoeZebra.png/revision/latest?cb=20200704074931
Ryder,Paw Patrol,https://static.wikia.nocookie.net/paw-patrol/images/f/fe/Pic-ryder.png/revision/latest?cb=20210418105340
Marshall,Paw Patrol,https://static.wikia.nocookie.net/paw-patrol/images/6/64/Marshall_PNG.png/revision/latest?cb=20150520174150
Chase,Paw Patrol,https://static.wikia.nocookie.net/paw-patrol/images/7/71/Chase_PNG.png/revision/latest?cb=20220815044513
Rubble,Paw Patrol,https://static.wikia.nocookie.net/paw-patrol/images/a/ad/Rubble_PNG.png/revision/latest?cb=20190305234003
Rocky,Paw Patrol,https://static.wikia.nocookie.net/paw-patrol/images/6/64/Rocky_PNG.png/revision/latest?cb=20150520174057
Zuma,Paw Patrol,https://static.wikia.nocookie.net/paw-patrol/images/5/59/Zuma_PNG.png/revision/latest?cb=20180825091810
Skye,Paw Patrol,https://static.wikia.nocookie.net/paw-patrol/images/9/9f/PAW_Patrol_Skye_PNG_2.png/revision/latest?cb=20150522121200
Everest,Paw Patrol,https://static.wikia.nocookie.net/paw-patrol/images/8/8b/Xpaw-patrol-everest.png.pagespeed.ic.LZhNo62aEQ.png/revision/latest?cb=20180821164321
Tracker,Paw Patrol,https://static.wikia.nocookie.net/paw-patrol/images/7/7f/Tracker_clear.png/revision/latest?cb=20180825092816
Mayor Goodway,Paw Patrol,https://static.wikia.nocookie.net/paw-patrol/images/3/33/Mayorgoodway.png/revision/latest?cb=20200918221439
Cap'n Turbot,Paw Patrol,https://static.wikia.nocookie.net/paw-patrol/images/a/a3/Cap%27n_Turbot_stock_art.png/revision/latest?cb=20190219213136
Chickaletta,Paw Patrol,
Leonardo,Teenage Mutant Ninja Turtles,https://upload.wikimedia.org/wikipedia/en/thumb/2/28/TMNTLeo2012.png/170px-TMNTLeo2012.png
Donatello,Teenage Mutant Ninja Turtles,https://static.wikia.nocookie.net/tmnt2012series/images/d/d6/Donnyboy.png/revision/latest?cb=20170428224932
Michelangelo,Teenage Mutant Ninja Turtles,https://static.wikia.nocookie.net/tmnt2012series/images/8/88/2012_Michelangelo_clean_character_image.png/revision/latest?cb=20130809041043
Raphael,Teenage Mutant Ninja Turtles,
Splinter,Teenage Mutant Ninja Turtles,https://static.wikia.nocookie.net/tmnt/images/9/90/Splinterbtts.png/revision/latest?cb=20130624195821
April O'Neil,Teenage Mutant Ninja Turtles,https://static.wikia.nocookie.net/tmnt2012series/images/8/80/April2.png/revision/latest?cb=20131110022421
Casey Jones,Teenage Mutant Ninja Turtles,https://static.wikia.nocookie.net/p__/images/b/bb/Casey_Jones_TMNT_2003.png/revision/latest?cb=20210827012846&path-prefix=protagonist
Shredder,Teenage Mutant Ninja Turtles,
Krang,Teenage Mutant Ninja Turtles,https://static.wikia.nocookie.net/teenage-mutant-ninja-turtles-2012-series/images/4/4b/Krang_03.jpg/revision/latest?cb=20171029021605
Bebop,Teenage Mutant Ninja Turtles,https://static.wikia.nocookie.net/tmnt2012series/images/3/34/Bebop_Lrg.png/revision/latest?cb=20150308214951
Rocksteady,Teenage Mutant Ninja Turtles,https://static.wikia.nocookie.net/tmnt/images/2/27/Rocksteady_fw.png/revision/latest?cb=20130919124448
Boots,Dora the Explorer,https://static.wikia.nocookie.net/doratheexplorer/images/e/e2/E06E4B7B-B2B2-4A46-B92C-DC5B672C3B07.webp/revision/latest?cb=20230331165358
Swiper,Dora the Explorer,https://static.wikia.nocookie.net/doratheexplorer/images/f/f1/Swiper_20.jpg/revision/latest?cb=20221123144916
Backpack,Dora the Explorer,https://i.pinimg.com/originals/e1/ee/f7/e1eef701c9939792fb9ac1b2e3949d7c.png
Dora,Dora the Explorer,https://upload.wikimedia.org/wikipedia/en/9/99/Dora_the_Explorer_%28character%29.webp
Map,Dora the Explorer,https://static.wikia.nocookie.net/doratheexplorer/images/c/c3/Dora-Map-sideways-stock-art.png/revision/latest?cb=20200801045140
Tico,Dora the Explorer,https://static.wikia.nocookie.net/doratheexplorer/images/4/45/Tico.png/revision/latest?cb=20131219004210
Benny,Dora the Explorer,https://static.wikia.nocookie.net/doratheexplorer/images/2/22/Benny.png/revision/latest?cb=20131219004224
Isa,Dora the Explorer,https://static.wikia.nocookie.net/doratheexplorer/images/3/3c/Isa.png/revision/latest?cb=20131219004155
Fiesta Trio,Dora the Explorer,https://static.wikia.nocookie.net/doratheexplorer/images/0/03/Dora-Fiesta-Trio-normal-stock-art.png/revision/latest?cb=20190812230952
Diego,Dora the Explorer,https://static.wikia.nocookie.net/doratheexplorer/images/e/e1/Diego-image-2.png/revision/latest?cb=20130422093522
Aang,Avatar: The Last Airbender,https://upload.wikimedia.org/wikipedia/en/8/86/Avatar_Aang.png
Katara,Avatar: The Last Airbender,https://upload.wikimedia.org/wikipedia/en/f/fb/Katara.png
Sokka,Avatar: The Last Airbender,https://upload.wikimedia.org/wikipedia/en/c/cc/Sokka.png
Zuko,Avatar: The Last Airbender,https://static.wikia.nocookie.net/villains/images/2/23/Principe_zuko_by_yuzumi2000-d6lbrj4.png/revision/latest?cb=20170611234341
Toph Beifong,Avatar: The Last Airbender,https://oyster.ignimgs.com/mediawiki/apis.ign.com/avatar-the-last-airbender/9/97/Toph_Beifong_img.jpg
Appa,Avatar: The Last Airbender,https://static.wikia.nocookie.net/avatar/images/6/65/Appa_flying.png/revision/latest/thumbnail/width/360/height/360?cb=20140517110636
Momo,Avatar: The Last Airbender,https://static.wikia.nocookie.net/avatar/images/8/80/Momo_staring.png/revision/latest?cb=20200802080013
Iroh,Avatar: The Last Airbender,https://upload.wikimedia.org/wikipedia/en/b/bb/General_Iroh.jpg
Azula,Avatar: The Last Airbender,https://static.wikia.nocookie.net/villains/images/a/ac/Azula_Render.png/revision/latest?cb=20170715180812
Suki,Avatar: The Last Airbender,https://static.wikia.nocookie.net/avatar/images/1/14/Suki.png/revision/latest?cb=20130819094354
Mai,Avatar: The Last Airbender,https://static.wikia.nocookie.net/avatar/images/4/40/Mai.png/revision/latest?cb=20090406114652
Ty Lee,Avatar: The Last Airbender,https://static.wikia.nocookie.net/villains/images/6/6d/Ty_Lee.png/revision/latest?cb=20200626041512
Ozai,Avatar: The Last Airbender,https://static.wikia.nocookie.net/avatar/images/d/d9/Ozai_angry.png/revision/latest?cb=20120724205440
Avatar Roku,Avatar: The Last Airbender,https://static.wikia.nocookie.net/avatar/images/f/f6/Roku.png/revision/latest?cb=20220323130414
Ash Ketchum,Pokémon,https://upload.wikimedia.org/wikipedia/en/e/e4/Ash_Ketchum_Journeys.png
Pikachu,Pokémon,https://assets.stickpng.com/images/580b57fcd9996e24bc43c325.png
Misty,Pokémon,https://upload.wikimedia.org/wikipedia/en/b/b1/MistyEP.png
Brock,Pokémon,https://staticg.sportskeeda.com/editor/2021/01/94117-16113018527605-800.jpg
Jessie,Pokémon,https://archives.bulbagarden.net/media/upload/0/0d/Jessie_JN.png
James,Pokémon,https://archives.bulbagarden.net/media/upload/thumb/1/19/James_JN.png/159px-James_JN.png
Meowth,Pokémon,https://assets.pokemon.com/assets/cms2/img/pokedex/full/052.png
Professor Oak,Pokémon,https://archives.bulbagarden.net/media/upload/thumb/3/3e/Lets_Go_Pikachu_Eevee_Professor_Oak.png/180px-Lets_Go_Pikachu_Eevee_Professor_Oak.png
Nurse Joy,Pokémon,https://cdna.artstation.com/p/assets/images/images/038/723/124/large/snowman-nurse-joy-jun-14-2021.jpg?1623873259
Officer Jenny,Pokémon,https://static.wikia.nocookie.net/p__/images/6/62/OfficerJenny-DP43.png/revision/latest?cb=20120508205802&path-prefix=protagonist
Brock,Pokémon,https://static.wikia.nocookie.net/p__/images/6/62/OfficerJenny-DP43.png/revision/latest?cb=20120508205802&path-prefix=protagonist
Goku,Dragon Ball Z,https://static.wikia.nocookie.net/vsbattles/images/4/45/Base_Goku_FighterZ.png/revision/latest?cb=20200607073338
Vegeta,Dragon Ball Z,https://static.wikia.nocookie.net/dragonball/images/9/94/Vegeta_anime_profile.png/revision/latest?cb=20220825132119
Gohan,Dragon Ball Z,https://static.wikia.nocookie.net/dragonball/images/d/d7/Gohan_anime_profile_2.png/revision/latest?cb=20220825041045
Piccolo,Dragon Ball Z,https://static.wikia.nocookie.net/dragonball/images/c/c2/Piccolomanga.png/revision/latest?cb=20160826150304
Krillin,Dragon Ball Z,https://upload.wikimedia.org/wikipedia/en/0/04/Kuririn.png
Bulma,Dragon Ball Z,https://www.pngitem.com/pimgs/m/167-1671943_bulma-png-dragon-ball-z-bulma-red-dress.png
Scooby-Doo,"Scooby-Doo, Where Are You!",https://m.media-amazon.com/images/M/MV5BZjkwZDk5NGEtMDgwMC00ZTRkLTkwYjUtZDA1ZGQ2ZmRmZTZkXkEyXkFqcGdeQXVyMDAwNTYzNA@@._V1_.jpg
Shaggy Rogers,"Scooby-Doo, Where Are You!",https://static.wikia.nocookie.net/scoobydoo/images/8/82/Shaggy_Rogers.png/revision/latest?cb=20210426154343
Fred Jones,"Scooby-Doo, Where Are You!",https://cdn-0.studybreaks.com/wp-content/uploads/2023/01/MCDSCDO_EC048-e1674611054112.webp
Daphne Blake,"Scooby-Doo, Where Are You!",https://static.wikia.nocookie.net/warner-bros-entertainment/images/1/1d/Daphne_Blake.png/revision/latest?cb=20221218212431
Velma Dinkley,"Scooby-Doo, Where Are You!",https://upload.wikimedia.org/wikipedia/en/9/9d/Velma_Dinkley.png
Dexter,Dexter's Laboratory,https://static.wikia.nocookie.net/p__/images/1/10/225px-Dexter2.png/revision/latest?cb=20120711215235&path-prefix=protagonist
Dee Dee,Dexter's Laboratory,https://assets.stickpng.com/images/5c9e3c5d1b1a60034473b15f.png
Mom,Dexter's Laboratory,https://static.wikia.nocookie.net/warner-bros-entertainment/images/7/72/Dex_mom_174x252.png/revision/latest?cb=20161108162236
Dad,Dexter's Laboratory,https://static.wikia.nocookie.net/p__/images/9/9b/Dad-dexters-laboratory-13130836-445-959.jpg/revision/latest?cb=20130919125152&path-prefix=protagonist
Mandark,Dexter's Laboratory,https://static.wikia.nocookie.net/warner-bros-entertainment/images/5/59/Mandark.jpg/revision/latest?cb=20160830063505
Major Glory,Dexter's Laboratory,https://static.wikia.nocookie.net/dexterslab/images/9/91/MajorGlory.jpg/revision/latest?cb=20090522221212
Valhallen,Dexter's Laboratory,https://static.wikia.nocookie.net/dexterslab/images/7/76/ValHallen.jpg/revision/latest?cb=20090522221452
Krunk,Dexter's Laboratory,https://static.wikia.nocookie.net/dexterslab/images/a/af/Krunk.jpg/revision/latest?cb=20090522221705
The Infraggable Krunk,Dexter's Laboratory,https://static.wikia.nocookie.net/dexterslab/images/a/af/Krunk.jpg/revision/latest?cb=20090522221705
Monkey,Dexter's Laboratory,https://static.wikia.nocookie.net/dexterslab/images/2/2c/Dexter%E2%80%99s_Monkey.png/revision/latest?cb=20191031030942
Agent Honeydew,Dexter's Laboratory,https://static.wikia.nocookie.net/dexterslab/images/b/b9/Honeydew.png/revision/latest/scale-to-width-down/250?cb=20150430091055
Phineas,Phineas and Ferb,https://upload.wikimedia.org/wikipedia/en/5/52/Phineas_Flynn.png
Ferb,Phineas and Ferb,https://static.wikia.nocookie.net/phineasandferb/images/c/ca/Profile_-_Ferb_Fletcher.PNG/revision/latest?cb=20200401182236
Candace,Phineas and Ferb,https://static.wikia.nocookie.net/phineasandferb/images/1/18/Profile_-_Candace_Flynn.png/revision/latest?cb=20200401181755
Perry the Platypus,Phineas and Ferb,https://upload.wikimedia.org/wikipedia/en/d/dc/Perry_the_Platypus.png
Dr. Heinz Doofenshmirtz,Phineas and Ferb,https://static.wikia.nocookie.net/disney/images/4/41/DoofenshmirtzFull.jpg/revision/latest?cb=20190819173522
Isabella,Phineas and Ferb,https://static.wikia.nocookie.net/phineasandferb/images/8/8c/Profile_-_Isabella_Garcia-Shapiro.PNG/revision/latest?cb=20200401182003
Buford,Phineas and Ferb,https://static.wikia.nocookie.net/phineasandferb/images/b/bd/Profile_-_Buford_Van_Stomm.PNG/revision/latest?cb=20200401192847
Baljeet,Phineas and Ferb,https://static.wikia.nocookie.net/phineasandferb/images/9/98/Baljeet.JPG/revision/latest?cb=20170806211609
Jeremy,Phineas and Ferb,https://static.wikia.nocookie.net/phineasandferb/images/7/7d/Profile_-_Jeremy_Johnson.png/revision/latest?cb=20200401191035
Stacy,Phineas and Ferb,https://static.wikia.nocookie.net/phineasandferb/images/d/da/Profile_-_Stacy_Hirano.PNG/revision/latest?cb=20200401190110
Linda,Phineas and Ferb,https://static.wikia.nocookie.net/phineasandferb/images/f/fa/Profile_-_Linda_Flynn-Fletcher.PNG/revision/latest?cb=20200401212129
Lawrence,Phineas and Ferb,https://static.wikia.nocookie.net/phineasandferb/images/5/50/Profile_-_Lawrence_Fletcher.PNG/revision/latest/thumbnail/width/360/height/360?cb=20200401184344
Major Monogram,Phineas and Ferb,https://static.wikia.nocookie.net/phineasandferb/images/d/de/Profile_-_Francis_Monogram.PNG/revision/latest?cb=20200401183135
Vanessa,Phineas and Ferb,https://static.wikia.nocookie.net/disney/images/d/d2/Profile_-_Vanessa_Doofenshmirtz.jpg/revision/latest?cb=20200812210556
Carl,Phineas and Ferb,https://static.wikia.nocookie.net/phineasandferb/images/8/80/Profile_-_Carl_Karl.PNG/revision/latest?cb=20200401183348
Finn,Adventure Time,https://upload.wikimedia.org/wikipedia/en/thumb/e/e5/FinnAdventureTime.png/150px-FinnAdventureTime.png
Jake,Adventure Time,https://static.wikia.nocookie.net/adventuretimewithfinnandjake/images/3/3b/Jakesalad.png/revision/latest?cb=20190807133015
Princess Bubblegum,Adventure Time,https://static.wikia.nocookie.net/adventuretimewithfinnandjake/images/2/2d/Young_Princess_Bubblegum_1.png/revision/latest?cb=20130304220431
Marceline,Adventure Time,https://static.wikia.nocookie.net/adventuretimewithfinnandjake/images/8/80/Marceline1.png/revision/latest?cb=20210813211029
Ice King,Adventure Time,https://upload.wikimedia.org/wikipedia/en/7/78/Ice_King.png
Robin,Teen Titans,https://static.wikia.nocookie.net/p__/images/6/69/Deyfio0-0067188b-714f-4935-a395-72fd22ea5359.png/revision/latest?cb=20220825183305&path-prefix=protagonist
Starfire,Teen Titans,https://static.wikia.nocookie.net/p__/images/2/2a/Deyfm3s-62419a2b-95be-4ab4-81f8-8c37ba6b0091.png/revision/latest?cb=20220825190009&path-prefix=protagonist
Raven,Teen Titans,https://static.wikia.nocookie.net/teentitans/images/6/66/Raven.png/revision/latest?cb=20210426071012
Beast Boy,Teen Titans,https://static.wikia.nocookie.net/teentitans/images/c/c1/Beast_Boy.png/revision/latest?cb=20200906210004
Cyborg,Teen Titans,https://i.pinimg.com/originals/c1/6f/2b/c16f2bdc728ceaf0f3e124189fb0f288.jpg
Terra,Teen Titans,https://static.wikia.nocookie.net/teentitans/images/3/3e/TerraStill.png/revision/latest?cb=20210428004704
Slade,Teen Titans,https://static.wikia.nocookie.net/teentitans/images/7/7e/SladeStill.png/revision/latest?cb=20210411224233
Blackfire,Teen Titans,https://i.pinimg.com/originals/7b/b9/08/7bb908e65cc138f08e50e682dbf6a8c5.jpg
Jinx,Teen Titans,https://static.wikia.nocookie.net/teen-titans-go/images/d/d8/Jinx.png/revision/latest?cb=20200828235321
Gizmo,Teen Titans,https://static.wikia.nocookie.net/teentitans/images/b/b7/GizmoTransparent.png/revision/latest?cb=20210413181000
Mammoth,Teen Titans,https://static.wikia.nocookie.net/villains/images/e/e3/Mammoth_%28Teen_Titans%29.jpg/revision/latest?cb=20190324193006
See-More,Teen Titans,https://static.wikia.nocookie.net/teentitans/images/4/41/SeeMore.jpg/revision/latest?cb=20200501035314
Billy Numerous,Teen Titans,https://static.wikia.nocookie.net/villains/images/1/19/Billy_Numerous2.jpg/revision/latest?cb=20190324195305
Red X,Teen Titans,https://qph.cf2.quoracdn.net/main-qimg-81792dcabf16ed854a0cd28d0adbbda4-lq
Speedy,Teen Titans,https://static.wikia.nocookie.net/teentitans/images/8/84/SpeedyTransparent.png/revision/latest?cb=20210413174007
Aqualad,Teen Titans,https://static.wikia.nocookie.net/teentitans/images/a/ae/AqualadTransparent.png/revision/latest?cb=20210413174150
Kid Flash,Teen Titans,https://static.wikia.nocookie.net/p__/images/7/73/Kid_Flash_%28Teen_Titans_2003%29.png/revision/latest?cb=20210807185119&path-prefix=protagonist
Kim Possible,Kim Possible,https://static.wikia.nocookie.net/kimpossible/images/7/7e/Kim_Possible_with_her_Hair_Dryer_Grappling_Hook.jpg/revision/latest?cb=20220207180131
Johnny Bravo,Johnny Bravo,https://static.wikia.nocookie.net/johnnybravo/images/b/bb/Johnnyb001.gif/revision/latest?cb=20190421193227
Oswald,Oswald,https://static.wikia.nocookie.net/oswald/images/3/39/Oswald_Nick_Jr_Character.png/revision/latest?cb=20230326180650
Weenie,Oswald,https://static.wikia.nocookie.net/oswald/images/6/64/Weenie_Oswald_Nick_Jr_Character.png/revision/latest?cb=20150923140853
Henry,Oswald,https://static.wikia.nocookie.net/oswald/images/8/8c/Oswald_Henry_Penguin_TV_Show_Nickelodeon_Nick_Jr_Series.png/revision/latest?cb=20151010181518
Daisy,Oswald,https://static.wikia.nocookie.net/oswald/images/8/88/Oswald_Daisy_Flower_Nick_Jr_Nickelodeon_TV_Show_Series.png/revision/latest?cb=20151017170618
Madame Butterfly,Oswald,https://static.wikia.nocookie.net/oswald/images/c/c1/Oswald_Madame_Butterfly_1.png/revision/latest?cb=20150923185404
Pablo,The Backyardigans,https://static.wikia.nocookie.net/thebackyardigansencyclopedia/images/1/18/The_Backyardigans_Pablo_Nickelodeon_Nick_Jr._Character_Image.png/revision/latest?cb=20220507233723
Tyrone,The Backyardigans,https://static.wikia.nocookie.net/thebackyardigansencyclopedia/images/f/fe/The_Backyardigans_Tyrone_Nickelodeon_Nick_Jr._Character_Image.png/revision/latest?cb=20220507234000
Uniqua,The Backyardigans,https://static.wikia.nocookie.net/thebackyardigansencyclopedia/images/d/d7/The_Backyardigans_Uniqua_Nickelodeon_Nick_Jr._Character_Image_1.png/revision/latest?cb=20220507234219
Tasha,The Backyardigans,https://static.wikia.nocookie.net/thebackyardigansencyclopedia/images/8/81/The_Backyardigans_Tasha_Nickelodeon_Nick_Jr._Character_Image.png/revision/latest?cb=20220507234412
Austin,The Backyardigans,https://static.wikia.nocookie.net/thebackyardigansencyclopedia/images/6/6d/The_Backyardigans_Austin_Nickelodeon_Nick_Jr._Character_Image.png/revision/latest?cb=20220507234404
